<?xml version="1.0" encoding="UTF-8"?>

<!DOCTYPE mapper PUBLIC "-//mybatis.org//DTD Mapper 3.0//EN" 
    "http://mybatis.org/dtd/mybatis-3-mapper.dtd">

<mapper namespace='com.ssafy.enjoytrip.model.dao.BoardDao'>

	<sql id="searchCon">
		<if test="word !=null and word !='' ">
			<choose>
				<when test=" key == 'article_no' ">
					articleNo = #{word}
				</when>
				<when test=" key == 'subject' ">
					subject like concat('%',#{word},'%')
				</when>
				<when test=" key == 'id' ">
					id like concat('%',#{word},'%')
				</when>
			</choose>
		</if>
	</sql>

	<insert id="writeArticle" parameterType="Board">
		insert into board
		(id, subject, content)
		values(#{id},#{subject},#{content})
	</insert>

	<select id="listArticle" parameterType="PageBean" resultType="Board">
		select *
		from board
		order by
		<choose>
			<when test="sortKey ==null or sortKey =='articleNo' ">
				articleNo desc
			</when>
			<when test=" sortKey == 'hit' ">
				hit desc
			</when>
			<when test=" sortKey == 'subject' ">
				subject
			</when>
		</choose>
		limit #{start}, #{interval}
	</select>

	<select id="totalCount" parameterType="PageBean" resultType="int">
		select count(*)
		from board
		<where>
			<include refid="searchCon"></include>
		</where>
	</select>


</mapper>
