<?xml version="1.0" encoding="UTF-8"?>

<!DOCTYPE mapper PUBLIC "-//mybatis.org//DTD Mapper 3.0//EN" 
    "http://mybatis.org/dtd/mybatis-3-mapper.dtd">

<mapper namespace='com.ssafy.enjoytrip.model.dao.UserDao'>

	<!-- id는 Dao의 메서드 이름과 동일해야 한다. -->

	<insert id="regist" parameterType="User">
		insert into user (id, name,
		pass, email, addr1, addr2)
		values(#{id},#{name},#{pass},#{email},#{addr1},#{addr2})
	</insert>

	<select id="search" parameterType="string" resultType="User">
		select *
		from user
		where id = #{id}
	</select>

	<update id="update" parameterType="User">
		update user
		set pass= #{pass},
		email=#{email},
		addr1=#{addr1},
		addr2=#{addr2}
		where id=#{id}
	</update>

	<delete id="remove" parameterType="string">
		delete from user
		where id = #{id}
	</delete>

</mapper>
